{
  "k": 5,
  "total_questions": 470,
  "modes": {
    "hybrid": {
      "total_r_any": 0.9744680851063829,
      "total_ndcg": 0.9006741952543288,
      "total_r_all": 0.8659574468085106,
      "avg_latency_ms": 0.23866511405782498,
      "per_type": {
        "single-session-user": {
          "r_any": 1.0,
          "count": 64
        },
        "single-session-assistant": {
          "r_any": 0.9464285714285714,
          "count": 56
        },
        "single-session-preference": {
          "r_any": 0.8333333333333334,
          "count": 30
        },
        "multi-session": {
          "r_any": 0.9834710743801653,
          "count": 121
        },
        "knowledge-update": {
          "r_any": 1.0,
          "count": 72
        },
        "temporal-reasoning": {
          "r_any": 0.984251968503937,
          "count": 127
        }
      }
    }
  }
}